/Users/y-komori/dev/hasher/src/.golangci.yaml	.golangci.yaml	1661561085	sha1:3fca38cae729b1be554100346e1b62eac4443884
/Users/y-komori/dev/hasher/src/cmd/calc.go	calc.go	1666517226	sha1:b9c1677aca423b733bb89ac76cb8ecf558bf0bca
/Users/y-komori/dev/hasher/src/cmd/clear.go	clear.go	1666517226	sha1:d343d70e389e41b3ce668c10d26010039d8de0d9
/Users/y-komori/dev/hasher/src/cmd/compare.go	compare.go	1666524533	sha1:2ffe122b8868ef861632afa226473afd500165bd
/Users/y-komori/dev/hasher/src/cmd/dirdiff.go	dirdiff.go	1663551274	sha1:45ba814c130dba2a94452233e34802233fb90746
/Users/y-komori/dev/hasher/src/cmd/find.go	find.go	1663551274	sha1:6b8cf44fde61fe6f6f9d496980ac7b42b2e5dddd
/Users/y-komori/dev/hasher/src/cmd/hasher_progress_viewer.go	hasher_progress_viewer.go	1666517226	sha1:11d8a15926c5a1abfe2db34bb584177bda871f78
/Users/y-komori/dev/hasher/src/cmd/listHash.go	listHash.go	1666517226	sha1:6affd5c5dd0c9f81bd90275926f86b25a1152aba
/Users/y-komori/dev/hasher/src/cmd/root.go	root.go	1663551274	sha1:a41e289c73acb6d08edfffa6bfe8f41d44832278
/Users/y-komori/dev/hasher/src/cmd/show.go	show.go	1663551274	sha1:11a46e460233ffbbe67238447599b15fd6be2748
/Users/y-komori/dev/hasher/src/cmd/status_wrapper.go	status_wrapper.go	1661561085	sha1:6654a64f7633d1795e2d00b6d17b85421049fd02
/Users/y-komori/dev/hasher/src/cmd/update.go	update.go	1666517226	sha1:1f6583b9a52e320e329ae97e5fc217491f451581
/Users/y-komori/dev/hasher/src/cmd/version.go	version.go	1661561085	sha1:580ed8f388135470dacaa23284c071a0daf89816
/Users/y-komori/dev/hasher/src/common/common.go	common.go	1666517226	sha1:18664663011816ab7dc03f36beed0f999eceb6fb
/Users/y-komori/dev/hasher/src/core/dirdiff.go	dirdiff.go	1666517226	sha1:4aee53b27548ca5b37c39ce2526483fd21849192
/Users/y-komori/dev/hasher/src/core/dirdiff_test.go	dirdiff_test.go	1663551274	sha1:6dd125a35e2ecd822714895ee778d9d56ef3f75a
/Users/y-komori/dev/hasher/src/core/dirpair.go	dirpair.go	1663551274	sha1:028af7c9376166305dbd18b818df7eac36dbfddc
/Users/y-komori/dev/hasher/src/core/filediff.go	filediff.go	1663551274	sha1:6a358345107de0a2846591d14c007acc1b0411c8
/Users/y-komori/dev/hasher/src/core/filediff_test.go	filediff_test.go	1666517226	sha1:b3755cff18a9fd082794cf75830246fb9b2c17bf
/Users/y-komori/dev/hasher/src/core/hash.go	hash.go	1666524444	sha1:8f21c1b6cbe8f70a9ae5a04036314485969fe3fa
/Users/y-komori/dev/hasher/src/core/hashalg.go	hashalg.go	1663551274	sha1:1649b5e15bcaa3913f2e99439fa3baedeb9359b9
/Users/y-komori/dev/hasher/src/core/hasher.go	hasher.go	1666517226	sha1:0b9b378add24cf2ae15ffad03d74bbb2e86e5e3a
/Users/y-komori/dev/hasher/src/core/hasher_test.go	hasher_test.go	1666517226	sha1:9fde1e1b114f93abb0c18d5e3d2fb24b133db87e
/Users/y-komori/dev/hasher/src/core/helper_test.go	helper_test.go	1663551274	sha1:036a845d62183ad9dc847b7d9be32636bc4fb10f
/Users/y-komori/dev/hasher/src/core/progress_watcher.go	progress_watcher.go	1666517226	sha1:41284ad7e5912edfe3080ca5300937fc256a35ab
/Users/y-komori/dev/hasher/src/core/xattr.go	xattr.go	1663551274	sha1:71b5590e3ac93d3ed2b65382fbd5c9c54030a620
/Users/y-komori/dev/hasher/src/go.mod	go.mod	1666517226	sha1:adaa2ea2d96e965c30f0c913e4e3c80fd148ea1c
/Users/y-komori/dev/hasher/src/go.sum	go.sum	1666517226	sha1:5050046819ac0747f6951d5f655e90eb02146ce5
/Users/y-komori/dev/hasher/src/main.go	main.go	1661561085	sha1:57c4fe6682b63fe86acf73adda804ea13db5f045
